epoch,distortion_loss,perception_loss
0,0.053553443402051926,6.000117301940918
1,0.05326160788536072,6.424449920654297
