epoch,distortion_loss,perception_loss
0,0.4198160171508789,32.5737419128418
1,0.39077702164649963,26.02504539489746
2,0.3939610421657562,29.0545711517334
3,0.3816497027873993,28.91887092590332
4,0.37597566843032837,26.645936965942383
5,0.38497933745384216,25.659143447875977
6,0.3834889531135559,25.31363296508789
7,0.37928152084350586,25.662458419799805
8,0.3762948513031006,26.40213394165039
